{
  "Component-dbg.js": 1617197499611,
  "controller/BaseController.js": 1617284501834,
  "model/models.js": 1617197499619,
  "controller/Menu.controller.js": 1617303567759,
  "controller/ConsultaParceiros.controller.js": 1617303567747,
  "controller/CadastroParceiros.controller.js": 1617303787001,
  "manifest.json": 1617304400244,
  "controller/App.controller.js": 1617284501822,
  "Component.js": 1617197499611,
  "manifest-bundle.zip": 1617304400043,
  "Component-preload.js": 1617304400200,
  "controller/App-dbg.controller.js": 1617284501822,
  "controller/Menu-dbg.controller.js": 1617303567759,
  "controller/ConsultaParceiros-dbg.controller.js": 1617303567747,
  "controller/CadastroParceiros-dbg.controller.js": 1617303787001,
  "controller/BaseController-dbg.js": 1617284501834,
  "model/models-dbg.js": 1617197499619,
  "i18n/i18n.properties": 1617197499615,
  "resources.json": 1617304400247,
  "view/Menu.view.xml": 1617303567751,
  "view/ConsultaParceiros.view.xml": 1617303567747,
  "view/CadastroParceiros.view.xml": 1617303675024,
  "view/App.view.xml": 1617284501822,
  "images/logo_final.png": 1617201782728,
  "css/style.css": 1617217338015,
  "index.html": 1617212654090
}